id;payment_date;payment_status;mollie_key
1;Hoed killer;Bluetooth;Checking
2;Glazen;wireless Buckinghamshire;Gereedschap implementation product
3;matrix;Auto source;moratorium
4;Muis;syndicate;Swedish Berkshire
5;Pre-emptive programmeren Multi-channelled;Ongelooflijk;target Accountability
6;compressing Limburg;viral;Interactions
7;Usability limoen;fuchsia Guilder Nuevo;Kaasschaaf Granieten Monitored
8;SDD condensator;Ocean payment Nepal;Zeeland Zambia
9;connecting;Flevoland Lari;Vis stukjes Borders
10;Kaasschaaf Noord-Brabant;Schoenen;Stoel Brunei Buckinghamshire
